0,0,0,-0.28,0,0.07,0
-0.0002371073,2.839427E-05,1.639344E-05,-0.2799716,8.278349E-05,0.07002839,-2.040688E-07
-0.0007113219,8.518282E-05,4.918033E-05,-0.2799148,0.0002483504,0.07008517,-6.122027E-07
-0.001422741,0.0001703656,9.836065E-05,-0.2798293,0.0004967281,0.07017029,-1.231194E-06
-0.00237156,0.0002839427,0.0001639344,-0.2797153,0.0008279705,0.07028375,-2.074594E-06
-0.003558069,0.0004259141,0.0002459016,-0.2795723,0.001242159,0.07042547,-3.162713E-06
-0.00498266,0.0005962797,0.0003442623,-0.2794003,0.001739401,0.07059541,-4.522473E-06
-0.006645817,0.0007950396,0.0004590164,-0.2791988,0.002319832,0.07079349,-6.187445E-06
-0.008548126,0.001022194,0.0005901639,-0.2789676,0.00298361,0.07101964,-8.197618E-06
-0.01069027,0.001277742,0.0007377048,-0.2787063,0.003730922,0.07127374,-1.05995E-05
-0.01307301,0.001561685,0.0009016392,-0.2784144,0.004561979,0.0715557,-1.344568E-05
-0.01569725,0.001874022,0.001081967,-0.2780915,0.005477016,0.07186539,-1.679512E-05
-0.01856394,0.002214753,0.001278688,-0.277737,0.006476291,0.07220269,-2.07125E-05
-0.02167415,0.002583879,0.001491803,-0.2773503,0.007560089,0.07256743,-2.526864E-05
-0.02502905,0.002981399,0.001721311,-0.2769309,0.008728714,0.07295948,-3.053958E-05
-0.02862991,0.003407313,0.001967213,-0.276478,0.009982491,0.07337863,-3.660703E-05
-0.03247807,0.003861621,0.002229508,-0.2759907,0.01132177,0.0738247,-4.355772E-05
-0.036575,0.004344324,0.002508196,-0.2754684,0.01274691,0.07429751,-5.148351E-05
-0.04092225,0.004855421,0.002803278,-0.2749102,0.01425831,0.07479682,-6.048032E-05
-0.04552147,0.005394912,0.003114753,-0.274315,0.01585636,0.0753224,-7.064943E-05
-0.0503744,0.005962798,0.003442622,-0.273682,0.01754149,0.075874,-8.209469E-05
-0.05548287,0.006559078,0.003786884,-0.2730101,0.01931412,0.07645136,-9.492459E-05
-0.06084883,0.007183752,0.00414754,-0.272298,0.0211747,0.0770542,-0.0001092502
-0.06647431,0.00783682,0.004524589,-0.2715448,0.02312369,0.07768222,-0.0001251865
-0.07236143,0.008518282,0.004918031,-0.270749,0.02516156,0.07833509,-0.0001428495
-0.07851242,0.009228139,0.005327867,-0.2699093,0.02728876,0.07901251,-0.000162357
-0.08492958,0.00996639,0.005754097,-0.2690244,0.0295058,0.07971408,-0.0001838291
-0.09161533,0.01073304,0.00619672,-0.2680927,0.03181314,0.08043948,-0.000207386
-0.09857216,0.01152807,0.006655736,-0.2671127,0.03421127,0.08118827,-0.0002331468
-0.1058027,0.01235151,0.007131146,-0.2660828,0.03670066,0.08196008,-0.0002612327
-0.1133096,0.01320334,0.007622949,-0.2650011,0.03928179,0.08275445,-0.000291761
-0.1210956,0.01408356,0.008131145,-0.2638659,0.04195512,0.08357094,-0.0003248472
-0.1291637,0.01499218,0.008655735,-0.2626754,0.0447211,0.08440907,-0.0003606053
-0.1375168,0.01592919,0.009196719,-0.2614275,0.04758017,0.08526835,-0.0003991434
-0.1461578,0.01689459,0.009754096,-0.26012,0.05053274,0.08614825,-0.0004405659
-0.1550901,0.01788839,0.01032787,-0.2587509,0.05357922,0.08704822,-0.0004849723
-0.1643167,0.01891059,0.01091803,-0.2573179,0.05671996,0.08796772,-0.0005324511
-0.1738411,0.01996117,0.01152459,-0.2558186,0.05995529,0.08890611,-0.000583088
-0.1836665,0.02104016,0.01214754,-0.2542504,0.06328551,0.08986281,-0.0006369539
-0.1937965,0.02214754,0.01278688,-0.2526109,0.06671087,0.09083714,-0.0006941156
-0.2042346,0.02328331,0.01344262,-0.2508973,0.07023159,0.09182847,-0.0007546209
-0.2149845,0.02444747,0.01411475,-0.2491069,0.07384779,0.09283605,-0.0008185087
-0.2260498,0.02564004,0.01480328,-0.2472366,0.07755957,0.09385919,-0.0008857977
-0.2374345,0.02686099,0.01550819,-0.2452835,0.08136694,0.09489711,-0.0009564944
-0.2491422,0.02811034,0.0162295,-0.2432445,0.08526987,0.09594905,-0.001030587
-0.261177,0.02938808,0.01696721,-0.2411162,0.08926819,0.09701416,-0.001108037
-0.2735429,0.03069422,0.01772131,-0.2388954,0.09336169,0.09809161,-0.00118879
-0.2862438,0.03202875,0.0184918,-0.2365784,0.09755004,0.09918053,-0.001272762
-0.299284,0.03339168,0.01927868,-0.2341617,0.1018328,0.10028,-0.001359843
-0.3126676,0.034783,0.02008196,-0.2316416,0.1062094,0.1013891,-0.001449894
-0.3263988,0.03620271,0.02090164,-0.2290142,0.1106792,0.1025069,-0.001542749
-0.340482,0.03765082,0.0217377,-0.2262754,0.1152413,0.1036324,-0.001638204
-0.3549215,0.03912733,0.02259016,-0.2234213,0.1198948,0.1047645,-0.001736011
-0.3697216,0.04063223,0.02345901,-0.2204476,0.1246386,0.1059022,-0.001835898
-0.3848867,0.04216552,0.02434426,-0.2173499,0.1294714,0.1070444,-0.001937535
-0.4004214,0.0437272,0.0252459,-0.2141239,0.1343917,0.10819,-0.002040552
-0.41633,0.04531728,0.02616393,-0.2107649,0.1393978,0.1093378,-0.002144536
-0.432617,0.04693576,0.02709835,-0.2072683,0.1444878,0.1104868,-0.002249014
-0.4492869,0.04858263,0.02804917,-0.2036293,0.1496597,0.1116356,-0.002353461
-0.4663443,0.05025789,0.02901638,-0.1998431,0.1549111,0.1127831,-0.002457293
-0.4837937,0.05196155,0.02999999,-0.1959047,0.1602394,0.1139281,-0.002559865
-0.5016395,0.0536936,0.03099999,-0.1918091,0.1656418,0.1150693,-0.002660468
-0.5198862,0.05545405,0.03201639,-0.1875512,0.1711152,0.1162053,-0.002758313
-0.5385383,0.05724289,0.03304917,-0.1831257,0.176656,0.117335,-0.002852544
-0.5576001,0.05906012,0.03409835,-0.1785276,0.1822607,0.118457,-0.002942242
-0.5770762,0.06090575,0.03516393,-0.1737514,0.1879252,0.11957,-0.003026385
-0.5969707,0.06277977,0.03624589,-0.1687921,0.193645,0.1206727,-0.00310389
-0.6172881,0.06468219,0.03734425,-0.1636441,0.1994155,0.1217638,-0.003173552
-0.6380323,0.066613,0.03845901,-0.1583024,0.2052315,0.1228418,-0.003234118
-0.6592076,0.0685722,0.03959015,-0.1527616,0.2110876,0.1239056,-0.003284197
-0.6808181,0.0705598,0.0407377,-0.1470165,0.2169778,0.1249539,-0.003322329
-0.7028674,0.07257579,0.04190163,-0.1410619,0.2228959,0.1259852,-0.003346946
-0.7253596,0.07462018,0.04308196,-0.1348929,0.2288352,0.1269984,-0.00335636
-0.748298,0.07669296,0.04427868,-0.1285045,0.2347886,0.1279923,-0.003348798
-0.7716864,0.07879414,0.04549179,-0.1218919,0.2407484,0.1289656,-0.003322355
-0.795528,0.08092371,0.0467213,-0.1150505,0.2467066,0.1299172,-0.003275029
-0.8198259,0.08308167,0.0479672,-0.1079759,0.2526548,0.1308461,-0.003204688
-0.844583,0.08526803,0.0492295,-0.100664,0.2585839,0.131751,-0.003109105
-0.8698022,0.08748278,0.05050819,-0.09311098,0.2644846,0.1326312,-0.002985913
-0.8954859,0.08972593,0.05180327,-0.08531316,0.2703469,0.1334857,-0.002832636
-0.9216364,0.09199747,0.05311474,-0.0772674,0.2761605,0.1343137,-0.002646692
-0.9482557,0.09429741,0.05444261,-0.0689709,0.2819145,0.1351145,-0.002425365
-0.9753454,0.09662575,0.05578687,-0.06042126,0.2875977,0.1358875,-0.00216582
-1.002907,0.09898248,0.05714753,-0.0516166,0.2931982,0.1366322,-0.001865137
-1.030942,0.1013676,0.05852458,-0.04255559,0.2987039,0.1373484,-0.001520257
-1.05945,0.1037811,0.05991802,-0.0332374,0.3041022,0.1380357,-0.001128029
-1.088432,0.106223,0.06132786,-0.02366187,0.3093801,0.1386943,-0.0006852038
-1.117889,0.1086933,0.06275409,-0.01382947,0.3145242,0.139324,-0.0001884326
-1.14782,0.111192,0.06419671,-0.003741413,0.3195206,0.1399254,0.0003657341
-1.178223,0.1137191,0.06565573,0.006600372,0.3243555,0.1404988,0.000980787
-1.209098,0.1162746,0.06713114,0.01719305,0.3290144,0.141045,0.001660325
-1.240444,0.1188585,0.06862295,0.02803312,0.3334828,0.1415649,0.002407983
-1.272257,0.1214708,0.07013115,0.03911605,0.337746,0.1420595,0.003227435
-1.304536,0.1241115,0.07165574,0.05043644,0.341789,0.1425302,0.004122414
-1.337278,0.1267805,0.07319672,0.0619879,0.345597,0.1429787,0.005096644
-1.370477,0.129478,0.0747541,0.07376303,0.349155,0.1434067,0.006153874
-1.404131,0.1322038,0.07632787,0.0857534,0.352448,0.1438164,0.007297821
-1.438235,0.1349581,0.07791803,0.09794956,0.3554615,0.1442102,0.008532166
-1.472783,0.1377407,0.07952459,0.110341,0.3581808,0.1445906,0.009860553
-1.50777,0.1405517,0.08114754,0.122916,0.3605916,0.1449607,0.01128653
-1.543188,0.1433912,0.08278689,0.1356619,0.3626802,0.1453235,0.01281356
-1.579032,0.146259,0.08444263,0.1485648,0.3644331,0.1456825,0.01444501
-1.615292,0.1491552,0.08611476,0.1616099,0.3658376,0.1460415,0.01618405
-1.651961,0.1520798,0.08780329,0.174781,0.3668815,0.1464045,0.01803373
-1.68903,0.1550328,0.08950821,0.1880611,0.3675534,0.1467758,0.0199969
-1.726489,0.1580142,0.09122952,0.2014322,0.3678428,0.1471597,0.02207621
-1.764327,0.161024,0.09296723,0.2148751,0.36774,0.1475613,0.02427404
-1.802535,0.1640622,0.09472132,0.2283698,0.3672365,0.1479853,0.02659253
-1.8411,0.1671288,0.09649182,0.2418955,0.366325,0.1484371,0.02903353
-1.88001,0.1702238,0.09827871,0.2554305,0.3649991,0.1489221,0.0315986
-1.919253,0.1733471,0.100082,0.2689525,0.3632542,0.1494458,0.03428893
-1.958815,0.1764989,0.1019017,0.2824383,0.3610866,0.150014,0.03710543
-1.998682,0.1796791,0.1037377,0.2958645,0.3584944,0.1506327,0.04004857
-2.038839,0.1828876,0.1055902,0.3092069,0.355477,0.1513078,0.04311849
-2.079272,0.1861245,0.107459,0.3224415,0.3520356,0.1520453,0.04631491
-2.119964,0.1893899,0.1093443,0.3355435,0.3481729,0.1528515,0.04963714
-2.160899,0.1926836,0.1112459,0.3484887,0.3438933,0.1537324,0.05308411
-2.202061,0.1960057,0.113164,0.3612524,0.3392028,0.1546941,0.05665426
-2.243433,0.1993563,0.1150984,0.3738104,0.3341093,0.1557427,0.06034568
-2.284996,0.2027352,0.1170492,0.3861387,0.3286223,0.1568843,0.06415597
-2.326732,0.2061425,0.1190164,0.398214,0.3227529,0.1581246,0.06808233
-2.368623,0.2095782,0.1210001,0.4100135,0.316514,0.1594694,0.07212158
-2.410651,0.2130423,0.1230001,0.4215152,0.30992,0.1609241,0.07627007
-2.452795,0.2165348,0.1250165,0.4326979,0.302987,0.162494,0.0805238
-2.495038,0.2200557,0.1270492,0.4435416,0.2957326,0.1641842,0.08487841
-2.537358,0.223605,0.1290984,0.4540274,0.2881755,0.1659994,0.08932914
-2.579736,0.2271826,0.131164,0.4641376,0.2803363,0.1679439,0.09387093
-2.622153,0.2307887,0.133246,0.473856,0.2722363,0.1700219,0.0984984
-2.664587,0.2344232,0.1353443,0.4831679,0.2638981,0.172237,0.1032059
-2.70702,0.238086,0.1374591,0.4920601,0.2553453,0.1745925,0.1079875
-2.749431,0.2417773,0.1395902,0.5005211,0.2466026,0.1770913,0.1128372
-2.791799,0.2454969,0.1417378,0.5085411,0.2376948,0.1797359,0.1177485
-2.834105,0.249245,0.1439017,0.5161121,0.2286478,0.1825282,0.1227152
-2.87633,0.2530214,0.1460821,0.523228,0.2194877,0.1854698,0.1277307
-2.918452,0.2568263,0.1482788,0.5298843,0.2102409,0.1885617,0.1327883
-2.960454,0.2606595,0.1504919,0.5360785,0.2009339,0.1918047,0.1378814
-3.002315,0.2645211,0.1527214,0.5418097,0.1915933,0.1951989,0.1430035
-3.044017,0.2684111,0.1549673,0.5470792,0.1822453,0.1987441,0.1481478
-3.085541,0.2723295,0.1572296,0.5518898,0.1729159,0.2024394,0.153308
-3.126869,0.2762763,0.1595083,0.5562459,0.1636308,0.2062839,0.1584777
-3.167983,0.2802515,0.1618034,0.560154,0.1544149,0.2102759,0.1636505
-3.208867,0.2842551,0.1641149,0.5636217,0.1452923,0.2144134,0.1688205
-3.249502,0.2882871,0.1664428,0.5666584,0.1362868,0.2186942,0.1739818
-3.289873,0.2923475,0.168787,0.5692749,0.1274205,0.2231156,0.1791287
-3.329964,0.2964362,0.1711477,0.5714831,0.118715,0.2276745,0.1842559
-3.369761,0.3005534,0.1735247,0.5732965,0.1101906,0.2323676,0.1893582
-3.409247,0.3046989,0.1759182,0.5747292,0.1018666,0.2371914,0.1944311
-3.448409,0.3088729,0.178328,0.5757968,0.09376089,0.2421419,0.1994698
-3.487235,0.3130752,0.1807543,0.5765155,0.08589,0.2472152,0.2044703
-3.52571,0.317306,0.1831969,0.5769023,0.07826952,0.2524069,0.2094287
-3.563823,0.3215651,0.1856559,0.5769748,0.07091317,0.2577127,0.2143416
-3.601562,0.3258527,0.1881313,0.5767512,0.06383359,0.263128,0.2192058
-3.638916,0.3301686,0.1906231,0.5762501,0.05704205,0.2686482,0.2240184
-3.675876,0.3345129,0.1931313,0.5754903,0.0505484,0.2742685,0.2287771
-3.712432,0.3388856,0.1956559,0.574491,0.04436116,0.2799843,0.2334796
-3.748574,0.3432867,0.1981969,0.5732713,0.03848749,0.2857906,0.2381243
-3.784295,0.3477162,0.2007543,0.5718503,0.03293325,0.2916827,0.2427096
-3.819587,0.3521741,0.2033281,0.5702472,0.02770306,0.2976559,0.2472343
-3.854443,0.3566604,0.2059182,0.5684807,0.02280031,0.3037053,0.2516977
-3.888856,0.3611751,0.2085248,0.5665694,0.01822723,0.3098265,0.2560992
-3.922822,0.3657182,0.2111478,0.5645317,0.01398492,0.3160148,0.2604385
-3.956335,0.3702896,0.2137871,0.5623853,0.01007347,0.3222657,0.2647155
-3.98939,0.3748895,0.2164429,0.5601477,0.006491899,0.328575,0.2689306
-4.021984,0.3795178,0.219115,0.5578357,0.003238365,0.3349383,0.2730841
-4.054112,0.3841744,0.2218035,0.5554656,0.0003101379,0.3413516,0.2771769
-4.085773,0.3888595,0.2245084,0.5530533,-0.002296269,0.347811,0.2812096
-4.116965,0.3935729,0.2272297,0.5506137,-0.004585236,0.3543127,0.2851835
-4.147685,0.3983147,0.2299675,0.5481613,-0.006561652,0.3608531,0.2890998
-4.177931,0.403085,0.2327216,0.5457098,-0.008231029,0.3674287,0.2929597
-4.207704,0.4078836,0.2354921,0.5432724,-0.009599462,0.3740364,0.2967649
-4.237003,0.4127106,0.238279,0.5408615,-0.01067354,0.3806729,0.3005171
-4.265827,0.417566,0.2410822,0.5384888,-0.0114602,0.3873353,0.3042178
-4.294178,0.4224498,0.2439019,0.5361652,-0.01196685,0.394021,0.3078691
-4.322056,0.427362,0.246738,0.533901,-0.01220109,0.4007273,0.3114727
-4.349462,0.4323026,0.2495904,0.531706,-0.01217085,0.4074518,0.3150308
-4.376399,0.4372716,0.2524593,0.5295888,-0.0118843,0.4141923,0.3185452
-4.402867,0.442269,0.2553445,0.527558,-0.01134965,0.4209467,0.3220181
-4.428869,0.4472948,0.2582462,0.525621,-0.01057532,0.4277132,0.3254516
-4.454408,0.4523489,0.2611642,0.523785,-0.009569764,0.4344899,0.3288477
-4.479486,0.4574315,0.2640986,0.5220563,-0.008341521,0.4412753,0.3322087
-4.504107,0.4625425,0.2670495,0.5204406,-0.006899089,0.448068,0.3355366
-4.528274,0.4676818,0.2700167,0.5189433,-0.005250961,0.4548665,0.3388336
-4.55199,0.4728496,0.2730003,0.5175691,-0.003405511,0.4616697,0.3421017
-4.575258,0.4780457,0.2760003,0.516322,-0.001371205,0.4684767,0.3453431
-4.598083,0.4832703,0.2790166,0.5152062,0.0008438528,0.4752863,0.3485599
-4.62047,0.4885232,0.2820494,0.5142244,0.003231496,0.4820979,0.351754
-4.642421,0.4938045,0.2850986,0.5133796,0.005783737,0.4889107,0.3549274
-4.663941,0.4991142,0.2881642,0.5126744,0.008492768,0.4957242,0.3580821
-4.685035,0.5044523,0.2912462,0.5121106,0.01135096,0.5025378,0.36122
-4.705707,0.5098189,0.2943446,0.5116898,0.01435083,0.5093511,0.364343
-4.725962,0.5152138,0.2974593,0.5114134,0.01748511,0.5161639,0.3674529
-4.745805,0.5206371,0.3005905,0.5112823,0.0207468,0.5229758,0.3705514
-4.765241,0.5260888,0.303738,0.5112972,0.024129,0.5297866,0.3736403
-4.784274,0.5315689,0.306902,0.5114585,0.02762508,0.5365965,0.3767212
-4.802909,0.5370774,0.3100823,0.5117663,0.03122866,0.5434051,0.3797957
-4.821152,0.5426142,0.313279,0.5122205,0.03493351,0.5502126,0.3828654
-4.839007,0.5481795,0.3164921,0.512821,0.0387336,0.5570191,0.3859317
-4.85648,0.5537732,0.3197216,0.5135671,0.04262328,0.5638247,0.3889962
-4.873576,0.5593953,0.3229675,0.5144582,0.04659697,0.5706295,0.3920601
-4.890299,0.5650457,0.3262298,0.5154933,0.0506494,0.5774338,0.3951249
-4.906654,0.5707245,0.3295085,0.5166717,0.05477539,0.5842378,0.3981918
-4.922648,0.5764318,0.3328036,0.5179921,0.05897006,0.5910417,0.401262
-4.938284,0.5821674,0.3361151,0.5194532,0.06322882,0.597846,0.4043367
-4.953568,0.5879315,0.339443,0.521054,0.06754702,0.6046508,0.4074169
-4.968505,0.5937239,0.3427872,0.5227929,0.07192051,0.6114566,0.4105039
-4.9831,0.5995447,0.3461479,0.5246679,0.07634524,0.6182639,0.4135986
-4.997358,0.6053939,0.3495249,0.5266782,0.08081722,0.6250729,0.4167019
-5.011283,0.6112716,0.3529184,0.5288218,0.08533281,0.631884,0.4198148
-5.024881,0.6171775,0.3563282,0.5310969,0.08988848,0.6386977,0.4229382
-5.038156,0.623112,0.3597544,0.533502,0.0944809,0.6455144,0.4260728
-5.051113,0.6290748,0.3631971,0.5360352,0.09910685,0.6523346,0.4292196
-5.063757,0.6350659,0.3666561,0.5386947,0.1037633,0.6591587,0.4323792
-5.076093,0.6410855,0.3701315,0.5414788,0.1084475,0.6659872,0.4355525
-5.088124,0.6471335,0.3736233,0.5443856,0.1131566,0.6728204,0.4387399
-5.099856,0.6532099,0.3771315,0.5474133,0.1178882,0.679659,0.4419423
-5.111293,0.6593146,0.3806561,0.5505601,0.1226397,0.6865032,0.4451602
-5.12244,0.6654478,0.3841971,0.5538239,0.127409,0.6933537,0.4483941
-5.1333,0.6716093,0.3877544,0.5572036,0.1321936,0.7002108,0.4516447
-5.143878,0.6777993,0.3913282,0.5606966,0.1369919,0.7070749,0.4549123
-5.154178,0.6840177,0.3949184,0.5643016,0.1418017,0.7139467,0.4581975
-5.164204,0.6902644,0.3985249,0.5680166,0.1466212,0.7208263,0.4615009
-5.17396,0.6965395,0.4021479,0.57184,0.1514488,0.7277144,0.4648226
-5.183451,0.7028431,0.4057872,0.5757699,0.1562829,0.7346113,0.4681633
-5.192679,0.709175,0.409443,0.5798048,0.1611219,0.7415175,0.4715232
-5.201649,0.7155353,0.4131151,0.5839429,0.1659644,0.7484334,0.4749027
-5.210364,0.721924,0.4168036,0.5881827,0.1708091,0.7553593,0.4783022
-5.218828,0.7283411,0.4205085,0.5925226,0.1756548,0.7622957,0.4817219
-5.227044,0.7347866,0.4242298,0.5969609,0.1805003,0.7692431,0.4851622
-5.235016,0.7412605,0.4279675,0.6014962,0.1853445,0.7762016,0.4886233
-5.242748,0.7477628,0.4317216,0.6061268,0.1901865,0.7831718,0.4921054
-5.250242,0.7542935,0.4354921,0.6108513,0.1950252,0.790154,0.4956089
-5.257502,0.7608526,0.439279,0.6156685,0.1998597,0.7971486,0.4991339
-5.26453,0.76744,0.4430823,0.6205768,0.2046893,0.8041558,0.5026805
-5.27133,0.7740559,0.446902,0.6255749,0.2095132,0.8111761,0.5062492
-5.277905,0.7807001,0.450738,0.6306616,0.2143307,0.8182098,0.5098399
-5.284258,0.7873728,0.4545905,0.6358355,0.219141,0.8252571,0.5134529
-5.290391,0.7940739,0.4584593,0.6410955,0.2239437,0.8323185,0.5170883
-5.296307,0.8008033,0.4623446,0.6464401,0.2287381,0.8393941,0.5207462
-5.302009,0.8075612,0.4662462,0.6518686,0.2335236,0.8464843,0.5244269
-5.307498,0.8143474,0.4701642,0.6573796,0.2382998,0.8535893,0.5281304
-5.312778,0.821162,0.4740987,0.6629723,0.2430662,0.8607095,0.5318568
-5.317851,0.8280051,0.4780495,0.6686453,0.2478225,0.867845,0.5356062
-5.322719,0.8348765,0.4820167,0.6743978,0.2525682,0.8749961,0.5393788
-5.327384,0.8417763,0.4860003,0.6802288,0.2573031,0.8821632,0.5431746
-5.331849,0.8487045,0.4900003,0.6861377,0.2620265,0.8893462,0.5469937
-5.336115,0.8556611,0.4940167,0.6921233,0.2667385,0.8965455,0.5508363
-5.340184,0.8626461,0.4980495,0.6981848,0.2714387,0.9037614,0.5547022
-5.344059,0.8696595,0.5020987,0.7043214,0.2761268,0.910994,0.5585917
-5.34774,0.8767013,0.5061643,0.7105325,0.2808024,0.9182435,0.5625047
-5.35123,0.8837715,0.5102462,0.7168173,0.2854657,0.92551,0.5664414
-5.35453,0.89087,0.5143446,0.7231749,0.2901163,0.9327939,0.5704017
-5.357642,0.897997,0.5184593,0.7296048,0.294754,0.9400951,0.5743856
-5.360567,0.9051524,0.5225905,0.7361067,0.2993786,0.9474138,0.5783935
-5.363306,0.9123361,0.526738,0.7426796,0.30399,0.9547502,0.582425
-5.365861,0.9195483,0.5309019,0.7493231,0.3085882,0.9621046,0.5864803
-5.368234,0.9267888,0.5350822,0.7560367,0.3131729,0.9694768,0.5905595
-5.370424,0.9340578,0.5392789,0.7628202,0.3177441,0.9768672,0.5946627
-5.372433,0.9413551,0.543492,0.7696726,0.3223018,0.9842758,0.5987896
-5.374262,0.9486808,0.5477215,0.776594,0.3268457,0.9917025,0.6029404
-5.375913,0.956035,0.5519674,0.7835839,0.3313758,0.9991477,0.6071153
-5.377385,0.9634175,0.5562297,0.7906419,0.3358922,1.006611,0.611314
-5.378679,0.9708284,0.5605083,0.7977677,0.3403947,1.014094,0.6155367
-5.379797,0.9782677,0.5648034,0.8049611,0.3448833,1.021594,0.6197833
-5.380738,0.9857354,0.5691148,0.8122218,0.3493581,1.029114,0.624054
-5.381504,0.9932315,0.5734427,0.8195497,0.3538188,1.036652,0.6283486
-5.382094,1.000756,0.577787,0.8269446,0.3582657,1.044209,0.6326673
-5.38251,1.008309,0.5821477,0.8344063,0.3626986,1.051785,0.6370099
-5.38275,1.01589,0.5865247,0.8419348,0.3671175,1.059379,0.6413766
-5.382816,1.0235,0.5909182,0.8495301,0.3715224,1.066992,0.6457672
-5.382707,1.031138,0.595328,0.857192,0.3759133,1.074624,0.6501817
-5.382424,1.038804,0.5997543,0.8649207,0.3802903,1.082275,0.6546203
-5.381966,1.046499,0.6041969,0.872716,0.3846533,1.089945,0.6590828
-5.381334,1.054222,0.6086559,0.880578,0.3890025,1.097634,0.6635693
-5.380527,1.061974,0.6131313,0.8885071,0.3933378,1.105341,0.6680797
-5.379544,1.069754,0.6176232,0.8965032,0.3976593,1.113067,0.6726141
-5.378386,1.077563,0.6221313,0.9045664,0.4019671,1.120812,0.6771724
-5.377053,1.0854,0.6266559,0.9126971,0.4062611,1.128575,0.6817546
-5.375543,1.093265,0.6311969,0.9208952,0.4105416,1.136357,0.6863608
-5.373856,1.101158,0.6357543,0.9291612,0.4148086,1.144158,0.6909907
-5.371991,1.10908,0.640328,0.9374957,0.4190619,1.151976,0.6956446
-5.369947,1.117031,0.6449182,0.9458986,0.4233019,1.159814,0.7003223
-5.367725,1.12501,0.6495247,0.9543704,0.4275286,1.167669,0.7050238
-5.365322,1.133017,0.6541477,0.9629114,0.4317422,1.175543,0.709749
-5.362738,1.141052,0.658787,0.9715222,0.4359427,1.183435,0.7144981
-5.359972,1.149116,0.6634427,0.9802032,0.4401304,1.191344,0.7192708
-5.357023,1.157209,0.6681148,0.9889551,0.4443053,1.199272,0.7240672
-5.353889,1.165329,0.6728033,0.9977781,0.4484676,1.207217,0.7288873
-5.35057,1.173479,0.6775082,1.006673,0.4526176,1.21518,0.7337309
-5.347063,1.181656,0.6822295,1.01564,0.4567553,1.22316,0.738598
-5.343368,1.189862,0.6869672,1.02468,0.4608811,1.231158,0.7434887
-5.339483,1.198097,0.6917213,1.033794,0.4649951,1.239172,0.7484028
-5.335406,1.206359,0.6964917,1.042983,0.4690976,1.247203,0.7533402
-5.331135,1.21465,0.7012786,1.052246,0.4731889,1.255251,0.758301
-5.32667,1.22297,0.7060819,1.061586,0.4772692,1.263316,0.763285
-5.322007,1.231318,0.7109016,1.071003,0.4813389,1.271397,0.7682922
-5.317145,1.239694,0.7157376,1.080497,0.4853983,1.279494,0.7733225
-5.312083,1.248099,0.7205901,1.09007,0.4894477,1.287606,0.7783757
-5.306817,1.256532,0.725459,1.099722,0.4934877,1.295735,0.7834518
-5.301346,1.264994,0.7303442,1.109455,0.4975185,1.303878,0.7885507
-5.295668,1.273483,0.7352459,1.119269,0.5015408,1.312037,0.7936721
-5.28978,1.282002,0.7401639,1.129167,0.5055549,1.320211,0.7988162
-5.28368,1.290548,0.7450984,1.139147,0.5095613,1.328399,0.8039826
-5.277365,1.299124,0.7500492,1.149213,0.5135608,1.336601,0.8091713
-5.270833,1.307727,0.7550164,1.159364,0.5175538,1.344818,0.814382
-5.264081,1.316359,0.76,1.169603,0.5215411,1.353048,0.8196147
-5.257106,1.325019,0.765,1.17993,0.5255234,1.361292,0.8248692
-5.249906,1.333708,0.7700164,1.190346,0.5295012,1.369548,0.8301452
-5.242477,1.342425,0.7750491,1.200854,0.5334757,1.377818,0.8354425
-5.234818,1.35117,0.7800983,1.211454,0.5374476,1.386099,0.840761
-5.226923,1.359944,0.7851639,1.222148,0.5414177,1.394393,0.8461004
-5.218791,1.368746,0.7902458,1.232937,0.5453871,1.402699,0.8514605
-5.210418,1.377577,0.7953442,1.243822,0.549357,1.411016,0.856841
-5.201801,1.386436,0.8004589,1.254806,0.5533283,1.419344,0.8622416
-5.192937,1.395324,0.80559,1.265889,0.5573022,1.427682,0.867662
-5.183821,1.404239,0.8107376,1.277074,0.5612803,1.436031,0.8731018
-5.174451,1.413184,0.8159015,1.288361,0.5652636,1.444389,0.8785609
-5.164823,1.422156,0.8210818,1.299752,0.5692538,1.452757,0.8840387
-5.154933,1.431157,0.8262784,1.31125,0.5732522,1.461134,0.889535
-5.144777,1.440187,0.8314915,1.322855,0.5772606,1.469519,0.8950493
-5.134352,1.449244,0.8367211,1.33457,0.5812807,1.477913,0.9005811
-5.123653,1.458331,0.841967,1.346395,0.5853144,1.486314,0.9061301
-5.112677,1.467445,0.8472293,1.358334,0.5893636,1.494723,0.9116957
-5.101418,1.476588,0.852508,1.370387,0.5934303,1.503138,0.9172775
-5.089874,1.485759,0.8578031,1.382556,0.5975167,1.51156,0.9228747
-5.07804,1.494959,0.8631146,1.394843,0.6016251,1.519988,0.9284869
-5.065912,1.504187,0.8684425,1.40725,0.605758,1.528422,0.9341136
-5.053484,1.513444,0.8737867,1.419778,0.6099179,1.53686,0.9397539
-5.040754,1.522729,0.8791474,1.43243,0.6141075,1.545304,0.9454074
-5.027716,1.532042,0.8845245,1.445207,0.6183298,1.553751,0.9510731
-5.014365,1.541384,0.8899179,1.45811,0.6225877,1.562202,0.9567505
-5.000698,1.550754,0.8953277,1.471141,0.6268845,1.570657,0.9624386
-4.986709,1.560153,0.900754,1.484303,0.6312233,1.579115,0.9681367
-4.972394,1.56958,0.9061966,1.497596,0.6356077,1.587576,0.9738438
-4.957748,1.579035,0.9116556,1.511022,0.6400415,1.596038,0.9795591
-4.942766,1.588519,0.917131,1.524582,0.6445285,1.604503,0.9852816
-4.927443,1.598031,0.9226228,1.538279,0.6490726,1.612969,0.9910104
-4.911774,1.607571,0.928131,1.552112,0.6536782,1.621436,0.9967442
-4.895754,1.61714,0.9336556,1.566085,0.6583496,1.629904,1.002482
-4.879379,1.626737,0.9391965,1.580197,0.6630915,1.638372,1.008223
-4.862644,1.636363,0.9447539,1.59445,0.6679087,1.646841,1.013965
-4.845543,1.646017,0.9503276,1.608844,0.6728061,1.65531,1.019708
-4.828072,1.655699,0.9559178,1.62338,0.6777892,1.663779,1.02545
-4.810225,1.66541,0.9615243,1.63806,0.6828633,1.672248,1.03119
-4.791997,1.67515,0.9671472,1.652883,0.6880341,1.680716,1.036926
-4.773384,1.684917,0.9727866,1.667849,0.6933073,1.689184,1.042656
-4.75438,1.694713,0.9784424,1.682959,0.6986892,1.697652,1.048381
-4.734981,1.704538,0.9841145,1.698213,0.704186,1.706119,1.054097
-4.715181,1.714391,0.9898031,1.713609,0.7098042,1.714586,1.059803
-4.694976,1.724272,0.995508,1.729147,0.7155504,1.723053,1.065497
-4.674361,1.734182,1.001229,1.744827,0.7214317,1.73152,1.071179
-4.653332,1.74412,1.006967,1.760646,0.7274551,1.739988,1.076845
-4.631883,1.754086,1.012721,1.776603,0.7336279,1.748457,1.082494
-4.61001,1.764081,1.018492,1.792697,0.7399576,1.756927,1.088125
-4.587708,1.774104,1.024278,1.808924,0.7464519,1.765399,1.093735
-4.564974,1.784156,1.030082,1.825282,0.7531185,1.773874,1.099322
-4.541803,1.794236,1.035901,1.841768,0.7599654,1.782352,1.104885
-4.518191,1.804344,1.041737,1.858378,0.7670006,1.790835,1.110422
-4.494134,1.814481,1.04759,1.875108,0.7742323,1.799324,1.115929
-4.469629,1.824646,1.053459,1.891953,0.7816688,1.807819,1.121406
-4.444671,1.834839,1.059344,1.908908,0.7893184,1.816322,1.12685
-4.419257,1.845061,1.065246,1.925968,0.7971895,1.824835,1.13226
-4.393384,1.855312,1.071164,1.943126,0.8052902,1.833358,1.137632
-4.36705,1.86559,1.077098,1.960375,0.8136292,1.841894,1.142965
-4.340251,1.875898,1.083049,1.977708,0.8222144,1.850445,1.148258
-4.312986,1.886233,1.089016,1.995116,0.8310541,1.859012,1.153507
-4.285252,1.896597,1.095,2.012592,0.8401562,1.867599,1.158711
-4.257048,1.906989,1.101,2.030125,0.8495288,1.876206,1.163868
-4.228371,1.91741,1.107016,2.047705,0.8591791,1.884836,1.168975
-4.199222,1.927859,1.113049,2.065322,0.8691148,1.893494,1.174033
-4.169598,1.938337,1.119098,2.082965,0.8793424,1.90218,1.179037
-4.1395,1.948843,1.125164,2.10062,0.889869,1.910898,1.183987
-4.108928,1.959377,1.131246,2.118276,0.9007003,1.919652,1.188882
-4.077883,1.96994,1.137344,2.135918,0.911842,1.928445,1.19372
-4.046365,1.980531,1.143459,2.153533,0.9232992,1.93728,1.198499
-4.014375,1.99115,1.14959,2.171106,0.9350764,1.946162,1.203218
-3.981916,2.001798,1.155738,2.18862,0.947177,1.955093,1.207878
-3.94899,2.012475,1.161901,2.206061,0.9596041,1.964078,1.212476
-3.9156,2.023179,1.168082,2.223412,0.9723598,1.973121,1.217012
-3.88175,2.033912,1.174278,2.240654,0.9854454,1.982227,1.221487
-3.847442,2.044674,1.180492,2.257771,0.998861,1.9914,1.225899
-3.812683,2.055464,1.186721,2.274744,1.012606,2.000644,1.23025
-3.777477,2.066282,1.192967,2.291555,1.026678,2.009964,1.234539
-3.74183,2.077129,1.199229,2.308185,1.041075,2.019365,1.238768
-3.705748,2.088004,1.205508,2.324615,1.055791,2.028851,1.242937
-3.669238,2.098907,1.211803,2.340826,1.070823,2.038427,1.247048
-3.632308,2.109839,1.218115,2.356797,1.086163,2.048099,1.251103
-3.594967,2.120799,1.224442,2.372512,1.101802,2.057871,1.255103
-3.557224,2.131788,1.230787,2.387949,1.117732,2.067747,1.25905
-3.519087,2.142805,1.237147,2.40309,1.133942,2.077734,1.262949
-3.480567,2.15385,1.243525,2.417917,1.150419,2.087834,1.266801
-3.441676,2.164924,1.249918,2.432411,1.16715,2.098052,1.27061
-3.402424,2.176026,1.256328,2.446556,1.18412,2.108394,1.27438
-3.362825,2.187157,1.262754,2.460333,1.201313,2.118863,1.278114
-3.32289,2.198316,1.269197,2.473727,1.218711,2.129463,1.281818
-3.282634,2.209503,1.275656,2.486723,1.236295,2.140198,1.285496
-3.242071,2.220719,1.282131,2.499307,1.254045,2.151072,1.289153
-3.201216,2.231963,1.288623,2.511465,1.271938,2.162087,1.292794
-3.160083,2.243236,1.295131,2.523188,1.289954,2.173248,1.296425
-3.118689,2.254537,1.301656,2.534463,1.308068,2.184555,1.300053
-3.07705,2.265866,1.308197,2.545283,1.326256,2.196012,1.303682
-3.035184,2.277224,1.314754,2.55564,1.344492,2.20762,1.30732
-2.993108,2.28861,1.321328,2.565529,1.362751,2.21938,1.310972
-2.950839,2.300025,1.327918,2.574946,1.381006,2.231294,1.314646
-2.908397,2.311467,1.334525,2.583889,1.399229,2.243362,1.318348
-2.865799,2.322939,1.341148,2.592357,1.417394,2.255584,1.322086
-2.823066,2.334438,1.347787,2.600354,1.435474,2.267959,1.325865
-2.780217,2.345966,1.354443,2.607882,1.45344,2.280488,1.329693
-2.737271,2.357523,1.361115,2.614946,1.471265,2.293167,1.333577
-2.694249,2.369108,1.367803,2.621556,1.488924,2.305996,1.337523
-2.65117,2.380721,1.374508,2.627719,1.506388,2.318972,1.341538
-2.608055,2.392363,1.38123,2.633447,1.523633,2.332092,1.345629
-2.564924,2.404033,1.387967,2.638752,1.540633,2.345353,1.349801
-2.521798,2.415731,1.394722,2.643651,1.557364,2.358752,1.354061
-2.478698,2.427458,1.401492,2.648158,1.573804,2.372283,1.358414
-2.435642,2.439214,1.408279,2.652292,1.589931,2.385944,1.362866
-2.392653,2.450997,1.415082,2.656072,1.605724,2.399728,1.367422
-2.349749,2.462809,1.421902,2.659519,1.621164,2.413632,1.372087
-2.306952,2.474649,1.428738,2.662654,1.636234,2.427648,1.376864
-2.26428,2.486518,1.435591,2.6655,1.650917,2.441773,1.381759
-2.221753,2.498416,1.442459,2.668081,1.665201,2.455999,1.386774
-2.179391,2.510341,1.449345,2.670422,1.679071,2.470321,1.391913
-2.137211,2.522295,1.456246,2.672546,1.692519,2.484733,1.397178
-2.095233,2.534278,1.463164,2.674481,1.705534,2.499227,1.402572
-2.053474,2.546289,1.470099,2.676252,1.71811,2.513798,1.408096
-2.011952,2.558328,1.47705,2.677884,1.730242,2.528439,1.413751
-1.970684,2.570395,1.484017,2.679404,1.741926,2.543144,1.419539
-1.929686,2.582491,1.491,2.680837,1.753161,2.557905,1.42546
-1.888974,2.594616,1.498,2.68221,1.763946,2.572717,1.431514
-1.848563,2.606768,1.505017,2.683547,1.774284,2.587574,1.4377
-1.808468,2.61895,1.51205,2.684873,1.784178,2.602469,1.444017
-1.768703,2.631159,1.519099,2.686212,1.793633,2.617396,1.450465
-1.729281,2.643397,1.526164,2.687587,1.802655,2.63235,1.457042
-1.690215,2.655664,1.533246,2.689022,1.811252,2.647324,1.463745
-1.651518,2.667958,1.540345,2.690536,1.819433,2.662314,1.470573
-1.6132,2.680282,1.547459,2.692151,1.827208,2.677314,1.477522
-1.575272,2.692633,1.554591,2.693886,1.834588,2.69232,1.484591
-1.537744,2.705013,1.561738,2.69576,1.841585,2.707326,1.491776
-1.500626,2.717421,1.568902,2.69779,1.848213,2.722329,1.499074
-1.463927,2.729858,1.576083,2.699991,1.854485,2.737324,1.506482
-1.427653,2.742323,1.583279,2.70238,1.860416,2.752309,1.513995
-1.391814,2.754817,1.590492,2.704969,1.86602,2.767279,1.521611
-1.356414,2.767339,1.597722,2.707771,1.871312,2.782231,1.529325
-1.321461,2.779889,1.604968,2.710796,1.876309,2.797162,1.537133
-1.28696,2.792468,1.61223,2.714056,1.881027,2.812071,1.545031
-1.252915,2.805075,1.619509,2.71756,1.885481,2.826954,1.553016
-1.21933,2.81771,1.626804,2.721313,1.889687,2.84181,1.561083
-1.18621,2.830374,1.634116,2.725325,1.893663,2.856637,1.569229
-1.153558,2.843066,1.641443,2.7296,1.897423,2.871433,1.577449
-1.121374,2.855787,1.648788,2.734143,1.900983,2.886198,1.585739
-1.089663,2.868536,1.656148,2.738956,1.90436,2.900931,1.594095
-1.058424,2.881314,1.663525,2.744045,1.907569,2.915631,1.602515
-1.027659,2.89412,1.670919,2.749409,1.910625,2.930297,1.610993
-0.9973682,2.906954,1.678329,2.75505,1.913542,2.94493,1.619526
-0.9675515,2.919816,1.685755,2.760967,1.916335,2.959529,1.62811
-0.9382084,2.932708,1.693198,2.767162,1.919018,2.974094,1.636743
-0.9093381,2.945627,1.700657,2.773632,1.921604,2.988626,1.64542
-0.8809391,2.958575,1.708132,2.780375,1.924106,3.003125,1.654138
-0.8530099,2.971551,1.715624,2.78739,1.926538,3.017591,1.662895
-0.8255484,2.984555,1.723132,2.794672,1.92891,3.032026,1.671688
-0.7985521,2.997588,1.730657,2.80222,1.931234,3.046431,1.680512
-0.7720185,3.01065,1.738198,2.810029,1.933521,3.060805,1.689367
-0.7459445,3.02374,1.745755,2.818094,1.935782,3.075151,1.698249
-0.7203269,3.036858,1.753329,2.826413,1.938026,3.089469,1.707155
-0.6951621,3.050005,1.760919,2.834979,1.940262,3.103761,1.716084
-0.6704465,3.06318,1.768526,2.843787,1.9425,3.118028,1.725032
-0.6461759,3.076383,1.776149,2.852833,1.944747,3.132271,1.733999
-0.6223463,3.089615,1.783788,2.862111,1.947012,3.146491,1.742982
-0.5989534,3.102875,1.791444,2.871616,1.949302,3.16069,1.751979
-0.5759925,3.116163,1.799116,2.881341,1.951623,3.174869,1.760989
-0.5534589,3.12948,1.806805,2.891281,1.953982,3.18903,1.77001
-0.5313479,3.142826,1.81451,2.901431,1.956384,3.203174,1.779041
-0.5096545,3.156199,1.822231,2.911784,1.958836,3.217303,1.78808
-0.4883735,3.169602,1.829969,2.922334,1.961342,3.231418,1.797125
-0.4674999,3.183032,1.837723,2.933077,1.963906,3.245521,1.806177
-0.4470284,3.196491,1.845493,2.944005,1.966534,3.259613,1.815233
-0.4269536,3.209979,1.85328,2.955114,1.969228,3.273695,1.824293
-0.4072702,3.223494,1.861084,2.966397,1.971993,3.287769,1.833356
-0.3879726,3.237038,1.868903,2.977849,1.974831,3.301836,1.842421
-0.3690554,3.250611,1.876739,2.989464,1.977745,3.315898,1.851488
-0.3505131,3.264212,1.884592,3.001237,1.980738,3.329955,1.860555
-0.3323401,3.277841,1.892461,3.013162,1.983812,3.344011,1.869623
-0.3145308,3.291499,1.900346,3.025235,1.986969,3.358065,1.87869
-0.2970796,3.305185,1.908247,3.03745,1.990212,3.372118,1.887756
-0.2799809,3.318899,1.916166,3.049802,1.99354,3.386174,1.896822
-0.2632292,3.332642,1.9241,3.062287,1.996956,3.400231,1.905886
-0.2468188,3.346414,1.932051,3.074899,2.000461,3.414292,1.914948
-0.2307443,3.360213,1.940018,3.087634,2.004055,3.428358,1.924009
-0.2149999,3.374041,1.948002,3.100488,2.007739,3.44243,1.933068
-0.1995804,3.387898,1.956002,3.113456,2.011514,3.456508,1.942124
-0.1844801,3.401783,1.964018,3.126534,2.01538,3.470595,1.951178
-0.1696936,3.415696,1.972051,3.139717,2.019338,3.48469,1.96023
-0.1552156,3.429637,1.9801,3.153003,2.023386,3.498796,1.969279
-0.1410406,3.443607,1.988166,3.166388,2.027527,3.512912,1.978326
-0.1271633,3.457606,1.996248,3.179867,2.031758,3.527041,1.98737
-0.1135785,3.471633,2.004346,3.193437,2.03608,3.541182,1.996413
-0.100281,3.485688,2.012461,3.207095,2.040493,3.555336,2.005453
-0.08726568,3.499772,2.020592,3.220837,2.044996,3.569505,2.014492
-0.07452734,3.513884,2.02874,3.234661,2.049588,3.583689,2.023528
-0.062061,3.528024,2.036904,3.248563,2.05427,3.597889,2.032562
-0.04986168,3.542193,2.045084,3.262541,2.05904,3.612106,2.041595
-0.03792449,3.55639,2.053281,3.276591,2.063897,3.626339,2.050627
-0.02624458,3.570615,2.061494,3.290712,2.068842,3.640591,2.059657
-0.01481718,3.584869,2.069724,3.3049,2.073872,3.654862,2.068686
-0.003637583,3.599152,2.07797,3.319154,2.078988,3.669151,2.077715
0.00729885,3.613463,2.086232,3.33347,2.084188,3.683461,2.086743
0.01799668,3.627802,2.094511,3.347847,2.089472,3.697791,2.09577
0.02846041,3.642169,2.102806,3.362283,2.094838,3.712141,2.104798
0.03869446,3.656565,2.111117,3.376775,2.100285,3.726513,2.113825
0.04870319,3.67099,2.119445,3.391322,2.105814,3.740907,2.122853
0.05849088,3.685442,2.127789,3.405921,2.111421,3.755323,2.131881
0.06806172,3.699924,2.13615,3.420572,2.117108,3.769762,2.140911
0.07741988,3.714433,2.144527,3.435272,2.122871,3.784223,2.149941
0.08656941,3.728971,2.152921,3.450019,2.128711,3.798709,2.158973
0.0955143,3.743537,2.161331,3.464813,2.134627,3.813218,2.168007
0.1042585,3.758132,2.169757,3.479652,2.140617,3.827752,2.177042
0.1128058,3.772755,2.1782,3.494535,2.146681,3.84231,2.186079
0.12116,3.787407,2.186659,3.509459,2.152817,3.856894,2.195119
0.1293249,3.802087,2.195134,3.524425,2.159024,3.871502,2.204162
0.1373041,3.816795,2.203626,3.53943,2.165302,3.886136,2.213207
0.145101,3.831532,2.212134,3.554474,2.171648,3.900796,2.222256
0.1527193,3.846297,2.220659,3.569556,2.178063,3.915482,2.231308
0.1601624,3.86109,2.2292,3.584674,2.184546,3.930194,2.240363
0.1674336,3.875912,2.237757,3.599827,2.191095,3.944933,2.249423
0.1745362,3.890762,2.246331,3.615016,2.197709,3.959699,2.258487
0.1814735,3.905641,2.254921,3.630239,2.204387,3.974491,2.267555
0.1882486,3.920548,2.263528,3.645494,2.211129,3.989311,2.276628
0.1948646,3.935483,2.272151,3.660783,2.217933,4.004158,2.285705
0.2013245,3.950447,2.28079,3.676103,2.224799,4.019033,2.294788
0.2076313,3.96544,2.289446,3.691453,2.231726,4.033936,2.303876
0.213788,3.98046,2.298118,3.706835,2.238712,4.048867,2.312969
0.2197973,3.995509,2.306807,3.722245,2.245758,4.063825,2.322069
0.225662,4.010587,2.315511,3.737686,2.252861,4.078812,2.331174
0.2313848,4.025692,2.324233,3.753155,2.260022,4.093827,2.340286
0.2369685,4.040827,2.332971,3.768652,2.267239,4.108871,2.349404
0.2424155,4.055989,2.341725,3.784176,2.274511,4.123942,2.358528
0.2477285,4.07118,2.350495,3.799728,2.281839,4.139043,2.36766
0.2529098,4.0864,2.359282,3.815307,2.28922,4.154173,2.376798
0.257962,4.101647,2.368086,3.830912,2.296655,4.169331,2.385943
0.2628874,4.116923,2.376905,3.846543,2.304142,4.184518,2.395096
0.2676883,4.132228,2.385741,3.8622,2.311681,4.199735,2.404257
0.272367,4.147561,2.394594,3.877883,2.319271,4.214981,2.413425
0.2769256,4.162922,2.403463,3.89359,2.326911,4.230256,2.422601
0.2813664,4.178312,2.412348,3.909323,2.334601,4.24556,2.431785
0.2856913,4.19373,2.42125,3.92508,2.34234,4.260893,2.440977
0.2899025,4.209177,2.430168,3.940861,2.350127,4.276256,2.450178
0.2940019,4.224652,2.439102,3.956666,2.357963,4.291648,2.459387
0.2979916,4.240155,2.448053,3.972495,2.365845,4.30707,2.468606
0.3018733,4.255687,2.457021,3.988348,2.373774,4.322521,2.477832
0.3056489,4.271247,2.466004,4.004224,2.381749,4.338003,2.487068
0.3093202,4.286835,2.475004,4.020124,2.389769,4.353513,2.496313
0.312889,4.302452,2.484021,4.036047,2.397834,4.369053,2.505567
0.316357,4.318098,2.493053,4.051992,2.405944,4.384624,2.514831
0.3197257,4.333771,2.502103,4.067961,2.414097,4.400224,2.524104
0.3229969,4.349473,2.511168,4.083953,2.422293,4.415854,2.533387
0.3261721,4.365204,2.52025,4.099967,2.430533,4.431513,2.54268
0.3292528,4.380963,2.529349,4.116003,2.438814,4.447203,2.551982
0.3322405,4.39675,2.538463,4.132062,2.447138,4.462922,2.561295
0.3351366,4.412566,2.547595,4.148143,2.455503,4.478671,2.570617
0.3379425,4.42841,2.556742,4.164247,2.463909,4.49445,2.579951
0.3406595,4.444282,2.565906,4.180372,2.472356,4.51026,2.589294
0.343289,4.460183,2.575087,4.19652,2.480843,4.526099,2.598648
0.3458323,4.476112,2.584283,4.21269,2.489369,4.541968,2.608012
0.3482905,4.49207,2.593497,4.228882,2.497935,4.557867,2.617387
0.3506649,4.508056,2.602726,4.245096,2.50654,4.573796,2.626773
0.3529565,4.524071,2.611972,4.261332,2.515183,4.589756,2.636169
0.3551666,4.540113,2.621234,4.277589,2.523865,4.605745,2.645577
0.3572961,4.556185,2.630513,4.293868,2.532585,4.621764,2.654995
0.3593461,4.572284,2.639808,4.310169,2.541343,4.637813,2.664425
0.3613176,4.588412,2.64912,4.326491,2.550138,4.653893,2.673865
0.3632116,4.604568,2.658448,4.342835,2.55897,4.670002,2.683317
0.3650289,4.620753,2.667792,4.359201,2.567839,4.686141,2.69278
0.3667706,4.636967,2.677153,4.375589,2.576744,4.702311,2.702255
0.3684373,4.653208,2.68653,4.391999,2.585686,4.718511,2.711741
0.37003,4.669478,2.695923,4.40843,2.594663,4.734741,2.721238
0.3715494,4.685777,2.705333,4.424882,2.603677,4.751,2.730747
0.3729963,4.702104,2.71476,4.441357,2.612725,4.767291,2.740268
0.3743713,4.718459,2.724202,4.457852,2.62181,4.78361,2.7498
0.3756752,4.734842,2.733661,4.47437,2.630929,4.799961,2.759344
0.3769086,4.751254,2.743137,4.490908,2.640083,4.81634,2.7689
0.3780721,4.767694,2.752629,4.507469,2.649272,4.832751,2.778468
0.3791662,4.784163,2.762137,4.52405,2.658496,4.849191,2.788047
0.3801916,4.80066,2.771661,4.540654,2.667754,4.865662,2.797638
0.3811488,4.817186,2.781202,4.557279,2.677046,4.882163,2.807241
0.3820382,4.83374,2.79076,4.573926,2.686372,4.898693,2.816857
0.3828602,4.850322,2.800334,4.590594,2.695733,4.915254,2.826484
0.3836154,4.866933,2.809924,4.607284,2.705127,4.931845,2.836123
0.384304,4.883572,2.81953,4.623995,2.714555,4.948466,2.845774
0.3849265,4.900239,2.829154,4.640728,2.724016,4.965117,2.855438
0.3854831,4.916935,2.838793,4.657483,2.733511,4.981799,2.865113
0.3859742,4.93366,2.848449,4.674259,2.743039,4.99851,2.874801
0.3864,4.950412,2.858121,4.691056,2.752601,5.015251,2.884501
0.3867607,4.967193,2.86781,4.707875,2.762196,5.032022,2.894213
0.3870566,4.984003,2.877515,4.724716,2.771825,5.048824,2.903937
0.3872878,5.000841,2.887236,4.741578,2.781486,5.065656,2.913673
0.3874544,5.017707,2.896974,4.758462,2.79118,5.082518,2.923422
0.3875566,5.034602,2.906728,4.775368,2.800908,5.09941,2.933183
0.3875944,5.051525,2.916498,4.792295,2.810669,5.116332,2.942956
0.3875679,5.068476,2.926285,4.809244,2.820463,5.133285,2.952741
0.3874771,5.085456,2.936089,4.826214,2.83029,5.150267,2.962538
0.387322,5.102464,2.945908,4.843205,2.840149,5.167279,2.972348
0.3871026,5.119501,2.955745,4.860219,2.850043,5.184321,2.98217
0.3868187,5.136566,2.965597,4.877254,2.859969,5.201394,2.992004
0.3864703,5.153659,2.975466,4.89431,2.869928,5.218496,3.00185
0.3860573,5.170781,2.985351,4.911389,2.87992,5.235629,3.011709
0.3855794,5.187932,2.995253,4.928489,2.889946,5.252792,3.02158
0.3850365,5.20511,3.005171,4.945611,2.900005,5.269985,3.031462
0.3844284,5.222317,3.015105,4.962754,2.910097,5.287208,3.041357
0.3837547,5.239552,3.025056,4.979918,2.920223,5.304461,3.051265
0.3830153,5.256816,3.035023,4.997105,2.930382,5.321744,3.061184
0.3822097,5.274108,3.045007,5.014312,2.940575,5.339057,3.071115
0.3813378,5.291429,3.055007,5.031542,2.950802,5.356401,3.081059
0.380399,5.308778,3.065024,5.048793,2.961062,5.373774,3.091014
0.3793929,5.326155,3.075057,5.066066,2.971357,5.391178,3.100981
0.3783192,5.343561,3.085106,5.083361,2.981685,5.408611,3.110961
0.3771774,5.360995,3.095171,5.100677,2.992048,5.426075,3.120952
0.3759668,5.378458,3.105253,5.118015,3.002445,5.443569,3.130955
0.3746872,5.395949,3.115352,5.135375,3.012877,5.461092,3.140971
0.3733377,5.413468,3.125467,5.152756,3.023344,5.478646,3.150998
0.3719179,5.431016,3.135598,5.170159,3.033845,5.49623,3.161036
0.3704271,5.448592,3.145746,5.187584,3.044382,5.513844,3.171087
0.3688647,5.466197,3.15591,5.20503,3.054954,5.531488,3.181149
0.3672298,5.483829,3.16609,5.222498,3.065561,5.549162,3.191222
0.365522,5.501491,3.176287,5.239988,3.076204,5.566866,3.201307
0.3637402,5.51918,3.1865,5.2575,3.086884,5.5846,3.211404
0.3618838,5.536899,3.196729,5.275034,3.097599,5.602365,3.221512
0.359952,5.554645,3.206975,5.292589,3.108351,5.620159,3.231632
0.3579437,5.57242,3.217238,5.310167,3.11914,5.637983,3.241762
0.3558583,5.590223,3.227516,5.327766,3.129966,5.655838,3.251904
0.3536946,5.608055,3.237812,5.345387,3.140829,5.673722,3.262057
0.3514517,5.625915,3.248123,5.36303,3.15173,5.691636,3.272222
0.3491287,5.643804,3.258451,5.380696,3.162669,5.70958,3.282397
0.3467244,5.66172,3.268795,5.398383,3.173646,5.727555,3.292583
0.3442378,5.679666,3.279156,5.416092,3.184662,5.745559,3.302779
0.3416678,5.697639,3.289533,5.433824,3.195717,5.763593,3.312987
0.3390132,5.715641,3.299927,5.451578,3.206811,5.781657,3.323206
0.3362728,5.733672,3.310337,5.469354,3.217945,5.799751,3.333435
0.3334453,5.75173,3.320763,5.487153,3.229119,5.817875,3.343674
0.3305295,5.769818,3.331206,5.504974,3.240333,5.836029,3.353924
0.3275241,5.787933,3.341665,5.522818,3.251589,5.854212,3.364184
0.3244277,5.806077,3.35214,5.540684,3.262886,5.872426,3.374454
0.3212389,5.82425,3.362632,5.558573,3.274224,5.890669,3.384734
0.3179563,5.842451,3.37314,5.576485,3.285605,5.908942,3.395024
0.3145784,5.86068,3.383665,5.59442,3.297029,5.927245,3.405324
0.3111037,5.878937,3.394206,5.612378,3.308495,5.945577,3.415634
0.3075305,5.897223,3.404763,5.63036,3.320006,5.963939,3.425953
0.3038574,5.915538,3.415337,5.648365,3.33156,5.982331,3.436281
0.3000825,5.933881,3.425928,5.666393,3.34316,6.000752,3.44662
0.2962043,5.952252,3.436534,5.684445,3.354805,6.019204,3.456967
0.292221,5.970652,3.447157,5.702522,3.366495,6.037684,3.467323
0.2881308,5.989079,3.457797,5.720622,3.378232,6.056194,3.477688
0.2839318,6.007536,3.468452,5.738747,3.390015,6.074733,3.488062
0.2796222,6.026021,3.479125,5.756896,3.401847,6.093302,3.498444
0.2752001,6.044534,3.489813,5.77507,3.413726,6.1119,3.508835
0.2706634,6.063075,3.500518,5.793269,3.425654,6.130527,3.519234
0.26601,6.081645,3.51124,5.811493,3.437632,6.149183,3.529641
0.2612381,6.100244,3.521977,5.829744,3.44966,6.167869,3.540056
0.2563453,6.11887,3.532731,5.84802,3.461738,6.186583,3.55048
0.2513295,6.137526,3.543502,5.866323,3.473868,6.205327,3.56091
0.2461885,6.156209,3.554289,5.884652,3.48605,6.224098,3.571348
0.2409199,6.174921,3.565092,5.903008,3.498285,6.242899,3.581794
0.2355215,6.193661,3.575912,5.921391,3.510574,6.261729,3.592247
0.2299909,6.21243,3.586748,5.939803,3.522917,6.280587,3.602706
0.2243255,6.231227,3.597601,5.958242,3.535315,6.299473,3.613172
0.2185228,6.250052,3.60847,5.976711,3.547769,6.318388,3.623645
0.2125804,6.268906,3.619355,5.995209,3.56028,6.33733,3.634124
0.2064955,6.287788,3.630257,6.013737,3.572848,6.356301,3.644609
0.2002655,6.306699,3.641175,6.032295,3.585474,6.3753,3.6551
0.1938876,6.325638,3.652109,6.050885,3.59816,6.394327,3.665597
0.187359,6.344606,3.66306,6.069506,3.610906,6.413381,3.676099
0.1806769,6.363602,3.674027,6.08816,3.623713,6.432462,3.686606
0.1738383,6.382626,3.685011,6.106846,3.636581,6.451571,3.697119
0.1668403,6.401679,3.696011,6.125566,3.649513,6.470706,3.707636
0.1596798,6.42076,3.707028,6.144322,3.662507,6.489869,3.718158
0.1523537,6.439869,3.71806,6.163112,3.675566,6.509058,3.728684
0.1448588,6.459007,3.72911,6.18194,3.688691,6.528274,3.739214
0.1371919,6.478173,3.740175,6.200804,3.701882,6.547515,3.749749
0.1293496,6.497367,3.751257,6.219707,3.71514,6.566782,3.760287
0.1213286,6.516591,3.762356,6.238649,3.728467,6.586076,3.770828
0.1131254,6.535842,3.773471,6.257632,3.741863,6.605394,3.781373
0.1047366,6.555122,3.784602,6.276656,3.755329,6.624738,3.79192
0.09615856,6.57443,3.795749,6.295723,3.768867,6.644106,3.80247
0.08738764,6.593767,3.806913,6.314835,3.782476,6.663499,3.813023
0.07842015,6.613132,3.818094,6.333992,3.796159,6.682916,3.823578
0.06925229,6.632525,3.829291,6.353196,3.809916,6.702357,3.834134
0.05988022,6.651947,3.840504,6.372448,3.823747,6.721821,3.844693
0.05030004,6.671397,3.851733,6.391751,3.837655,6.741308,3.855253
0.04050774,6.690875,3.862979,6.411105,3.85164,6.760818,3.865814
0.03049929,6.710382,3.874242,6.430512,3.865703,6.780349,3.876376
0.02027056,6.729918,3.885521,6.449975,3.879845,6.799903,3.88694
0.009817355,6.749481,3.896816,6.469495,3.894067,6.819478,3.897503
-0.0008645848,6.769073,3.908127,6.489074,3.908369,6.839074,3.908067
-0.01177959,6.788694,3.919455,6.508713,3.922754,6.858689,3.918631
-0.02293205,6.808343,3.9308,6.528417,3.93722,6.878325,3.929195
-0.03432645,6.82802,3.94216,6.548185,3.95177,6.897979,3.939758
-0.0459673,6.847726,3.953537,6.568022,3.966404,6.917652,3.950321
-0.05785922,6.86746,3.964931,6.587928,3.981122,6.937343,3.960883
-0.07000686,6.887222,3.976341,6.607908,3.995927,6.957051,3.971445
-0.08241497,6.907013,3.987767,6.627964,4.010818,6.976776,3.982005
-0.09508833,6.926833,3.99921,6.648098,4.025795,6.996516,3.992564
-0.1080318,6.946681,4.010669,6.668313,4.040859,7.016273,4.003121
-0.1212503,6.966557,4.022144,6.688612,4.056011,7.036043,4.013678
-0.1347488,6.986461,4.033636,6.708999,4.071252,7.055827,4.024232
-0.1485323,7.006394,4.045145,6.729477,4.086581,7.075623,4.034785
-0.162606,7.026355,4.056669,6.750049,4.101998,7.095432,4.045337
-0.176975,7.046345,4.06821,6.770718,4.117505,7.115252,4.055886
-0.1916444,7.066363,4.079768,6.791489,4.1331,7.135081,4.066434
-0.2066195,7.086409,4.091341,6.812365,4.148784,7.15492,4.076981
-0.2219056,7.106484,4.102932,6.83335,4.164557,7.174767,4.087526
-0.237508,7.126587,4.114539,6.854448,4.180418,7.194623,4.098069
-0.2534321,7.146719,4.126162,6.875663,4.196365,7.214483,4.108611
-0.2696833,7.166879,4.137801,6.897,4.2124,7.234349,4.119151
-0.286267,7.187068,4.149457,6.918462,4.228521,7.254219,4.129691
-0.3031886,7.207284,4.161129,6.940055,4.244727,7.274092,4.140229
-0.3204537,7.22753,4.172818,6.961783,4.261017,7.293966,4.150768
-0.3380677,7.247803,4.184523,6.983652,4.277389,7.313841,4.161306
-0.356036,7.268105,4.196244,7.005665,4.293841,7.333715,4.171845
-0.3743643,7.288435,4.207982,7.027828,4.310373,7.353587,4.182384
-0.3930579,7.308794,4.219736,7.050146,4.32698,7.373456,4.192925
-0.4121224,7.329181,4.231507,7.072625,4.343662,7.39332,4.203468
-0.4315633,7.349597,4.243294,7.095269,4.360415,7.413179,4.214014
-0.4513859,7.370041,4.255097,7.118085,4.377236,7.43303,4.224562
-0.4715956,7.390513,4.266917,7.141077,4.394123,7.452873,4.235115
-0.4921978,7.411014,4.278753,7.164251,4.411071,7.472705,4.245673
-0.5131979,7.431543,4.290606,7.187613,4.428076,7.492526,4.256238
-0.534601,7.452101,4.302474,7.211169,4.445134,7.512334,4.266809
-0.5564123,7.472687,4.31436,7.234923,4.46224,7.532128,4.27739
-0.5786368,7.493301,4.326262,7.258883,4.479389,7.551906,4.28798
-0.6012796,7.513944,4.33818,7.283052,4.496575,7.571667,4.298581
-0.6243455,7.534615,4.350114,7.307438,4.513793,7.591409,4.309194
-0.6478392,7.555314,4.362065,7.332045,4.531035,7.611131,4.319822
-0.6717654,7.576042,4.374032,7.356879,4.548295,7.630833,4.330466
-0.6961285,7.596798,4.386016,7.381946,4.565567,7.650512,4.341128
-0.7209327,7.617583,4.398016,7.40725,4.58284,7.670166,4.35181
-0.7461823,7.638396,4.410032,7.432796,4.600108,7.689796,4.362514
-0.771881,7.659238,4.422065,7.45859,4.617361,7.7094,4.373241
-0.7980326,7.680108,4.434114,7.484635,4.63459,7.728976,4.383996
-0.8246406,7.701006,4.44618,7.510936,4.651785,7.748523,4.394779
-0.8517082,7.721932,4.458262,7.537497,4.668936,7.768041,4.405594
-0.8792382,7.742887,4.470361,7.564321,4.686032,7.787529,4.416443
-0.9072335,7.763871,4.482476,7.591411,4.703061,7.806986,4.42733
-0.9356964,7.784883,4.494607,7.61877,4.72001,7.826411,4.438256
-0.9646288,7.805923,4.506754,7.646401,4.736869,7.845804,4.449226
-0.9940324,7.826992,4.518919,7.674304,4.753623,7.865163,4.460242
-1.023909,7.848089,4.531099,7.70248,4.77026,7.884491,4.471309
-1.054258,7.869214,4.543296,7.73093,4.786766,7.903785,4.482429
-1.085082,7.890368,4.555509,7.759653,4.803125,7.923047,4.493605
-1.11638,7.91155,4.567739,7.788648,4.819324,7.942276,4.504842
-1.148152,7.932761,4.579985,7.817912,4.835347,7.961473,4.516144
-1.180397,7.954,4.592247,7.847444,4.851179,7.980639,4.527514
-1.213114,7.975267,4.604526,7.877238,4.866805,7.999774,4.538956
-1.246301,7.996562,4.616821,7.90729,4.882208,8.018881,4.550474
-1.279956,8.017886,4.629132,7.937594,4.897373,8.037959,4.562072
-1.314075,8.039239,4.64146,7.968144,4.912284,8.057013,4.573754
-1.348656,8.06062,4.653805,7.998931,4.926925,8.076042,4.585525
-1.383694,8.082029,4.666165,8.029945,4.941278,8.09505,4.597387
-1.419185,8.103467,4.678543,8.061178,4.955331,8.114039,4.609345
-1.455124,8.124933,4.690936,8.092617,4.969065,8.133012,4.621404
-1.491504,8.146428,4.703346,8.124249,4.982467,8.151973,4.633566
-1.52832,8.167951,4.715773,8.156061,4.99552,8.170923,4.645836
-1.565564,8.189502,4.728215,8.188037,5.008211,8.189868,4.658216
-1.603228,8.211082,4.740674,8.22016,5.020527,8.208812,4.670712
-1.641305,8.23269,4.75315,8.252416,5.032454,8.227758,4.683324
-1.679784,8.254326,4.765642,8.284782,5.043981,8.246712,4.696057
-1.718656,8.27599,4.77815,8.317241,5.055095,8.265678,4.708914
-1.75791,8.297684,4.790675,8.349771,5.065787,8.284662,4.721897
-1.797536,8.319406,4.803216,8.38235,5.076049,8.303669,4.735008
-1.837521,8.341156,4.815773,8.414956,5.085873,8.322706,4.748249
-1.877853,8.362934,4.828347,8.447565,5.095251,8.341776,4.761621
-1.918519,8.384741,4.840938,8.480153,5.10418,8.360888,4.775127
-1.959504,8.406576,4.853544,8.512694,5.112656,8.380047,4.788766
-2.000795,8.42844,4.866167,8.545163,5.120677,8.39926,4.802539
-2.042376,8.450332,4.878807,8.577534,5.128245,8.418531,4.816447
-2.084231,8.472252,4.891462,8.60978,5.13536,8.43787,4.830488
-2.126345,8.494201,4.904135,8.641875,5.142026,8.457282,4.844662
-2.1687,8.516178,4.916823,8.673793,5.148248,8.476774,4.858967
-2.211278,8.538184,4.929528,8.705507,5.154035,8.496353,4.873402
-2.254063,8.560218,4.94225,8.73699,5.159394,8.516025,4.887964
-2.297035,8.58228,4.954988,8.768218,5.164337,8.535796,4.90265
-2.340176,8.604371,4.967741,8.799164,5.168877,8.555673,4.917458
-2.383467,8.626491,4.980512,8.829805,5.173029,8.575662,4.932383
-2.426888,8.648638,4.993299,8.860118,5.176809,8.595768,4.947422
-2.470419,8.670814,5.006103,8.890079,5.180236,8.615997,4.962569
-2.51404,8.693018,5.018922,8.919668,5.183329,8.636355,4.977821
-2.55773,8.715251,5.031758,8.948866,5.186109,8.656847,4.993171
-2.60147,8.737512,5.044611,8.977653,5.188599,8.677477,5.008614
-2.645239,8.759801,5.05748,9.006012,5.190822,8.698248,5.024144
-2.689015,8.782119,5.070365,9.033929,5.192805,8.719166,5.039755
-2.732779,8.804465,5.083267,9.061391,5.194573,8.740233,5.055441
-2.776508,8.82684,5.096185,9.088387,5.196153,8.761454,5.071193
-2.820184,8.849243,5.10912,9.114904,5.197573,8.782827,5.087007
-2.863784,8.871675,5.122071,9.140939,5.19886,8.804358,5.102873
-2.90729,8.894135,5.135038,9.166484,5.200044,8.826047,5.118786
-2.95068,8.916623,5.148022,9.191536,5.201153,8.847895,5.134739
-2.993934,8.939139,5.161022,9.216092,5.202216,8.869901,5.150723
-3.037034,8.961684,5.174038,9.240155,5.203261,8.892067,5.166733
-3.07996,8.984258,5.187071,9.263726,5.204318,8.914391,5.18276
-3.122693,9.00686,5.20012,9.28681,5.205412,8.936872,5.198798
-3.165214,9.02949,5.213186,9.309412,5.206573,8.95951,5.214839
-3.207506,9.052149,5.226268,9.331541,5.207826,8.982301,5.230879
-3.249552,9.074836,5.239367,9.353206,5.209197,9.005243,5.246909
-3.291333,9.097551,5.252481,9.374418,5.210711,9.028335,5.262924
-3.332835,9.120296,5.265613,9.395191,5.21239,9.051572,5.278918
-3.374041,9.143067,5.27876,9.415537,5.21426,9.07495,5.294886
-3.414936,9.165868,5.291924,9.435472,5.216338,9.098467,5.310821
-3.455506,9.188697,5.305105,9.455014,5.218646,9.122118,5.32672
-3.495737,9.211555,5.318302,9.474178,5.221201,9.145899,5.342577
-3.535615,9.23444,5.331515,9.492984,5.224021,9.169804,5.358388
-3.575129,9.257354,5.344745,9.51145,5.227122,9.19383,5.37415
-3.614265,9.280296,5.357991,9.529595,5.230516,9.217972,5.38986
-3.653015,9.303267,5.371253,9.547441,5.234216,9.242224,5.405512
-3.691366,9.326267,5.384532,9.565007,5.238234,9.266582,5.421106
-3.729309,9.349295,5.397827,9.582314,5.242578,9.29104,5.436639
-3.766836,9.372351,5.411139,9.59938,5.247256,9.315593,5.452109
-3.803937,9.395435,5.424467,9.61623,5.252276,9.340237,5.467515
-3.840606,9.418549,5.437811,9.632882,5.257641,9.364965,5.482853
-3.876836,9.441689,5.451172,9.649357,5.263357,9.389772,5.498126
-3.912619,9.464859,5.464549,9.665674,5.269425,9.414656,5.51333
-3.947952,9.488057,5.477942,9.681854,5.275846,9.439608,5.528467
-3.982828,9.511284,5.491353,9.697916,5.282622,9.464626,5.543535
-4.017243,9.534539,5.504779,9.713879,5.28975,9.489704,5.558536
-4.051195,9.557822,5.518221,9.729759,5.297229,9.514838,5.57347
-4.084679,9.581134,5.531681,9.745576,5.305056,9.540024,5.588337
-4.117693,9.604474,5.545156,9.761346,5.313227,9.565256,5.603138
-4.150236,9.627843,5.558648,9.777085,5.321737,9.590532,5.617876
-4.182305,9.651239,5.572156,9.792809,5.330582,9.615847,5.63255
-4.213901,9.674664,5.585681,9.808532,5.339755,9.641197,5.647162
-4.245023,9.698118,5.599222,9.824268,5.34925,9.66658,5.661715
-4.275671,9.721601,5.61278,9.840032,5.359059,9.691993,5.67621
-4.305845,9.745111,5.626353,9.855833,5.369175,9.71743,5.690648
-4.335546,9.768649,5.639944,9.871685,5.379591,9.74289,5.705032
-4.364777,9.792216,5.65355,9.887599,5.390297,9.768371,5.719363
-4.393539,9.815812,5.667173,9.903585,5.401286,9.793869,5.733645
-4.421834,9.839437,5.680813,9.919652,5.412549,9.819383,5.747879
-4.449664,9.863089,5.694468,9.935808,5.424077,9.844909,5.762066
-4.477033,9.886769,5.708141,9.952063,5.43586,9.870446,5.776211
-4.503944,9.910479,5.721829,9.968422,5.44789,9.895993,5.790314
-4.5304,9.934216,5.735535,9.984893,5.460159,9.921548,5.804379
-4.556406,9.957982,5.749256,10.00148,5.472655,9.947107,5.818406
-4.581964,9.981776,5.762994,10.01819,5.485372,9.972672,5.832399
-4.60708,10.0056,5.776748,10.03503,5.4983,9.998241,5.84636
-4.631758,10.02945,5.790519,10.052,5.511428,10.02381,5.860291
-4.656003,10.05333,5.804306,10.06911,5.524751,10.04939,5.874194
-4.679819,10.07724,5.818109,10.08636,5.538258,10.07496,5.888072
-4.703211,10.10117,5.831929,10.10374,5.55194,10.10053,5.901926
-4.726186,10.12514,5.845765,10.12128,5.565792,10.12611,5.915759
-4.748747,10.14913,5.859618,10.13895,5.579803,10.15168,5.929572
-4.770902,10.17315,5.873487,10.15678,5.593966,10.17725,5.943367
-4.792655,10.1972,5.887372,10.17475,5.608274,10.20282,5.957147
-4.814011,10.22128,5.901274,10.19288,5.622718,10.22838,5.970912
-4.834977,10.24539,5.915192,10.21115,5.637293,10.25395,5.984666
-4.855559,10.26952,5.929126,10.22957,5.651991,10.27951,5.99841
-4.875762,10.29369,5.943077,10.24815,5.666805,10.30507,6.012145
-4.895592,10.31788,5.957045,10.26687,5.68173,10.33063,6.025873
-4.915056,10.3421,5.971028,10.28574,5.696759,10.35619,6.039596
-4.934159,10.36635,5.985028,10.30476,5.711885,10.38175,6.053314
-4.952908,10.39063,5.999045,10.32393,5.727105,10.4073,6.06703
-4.971308,10.41493,6.013078,10.34324,5.742411,10.43285,6.080744
-4.989366,10.43926,6.027127,10.3627,5.757799,10.45841,6.09446
-5.007087,10.46363,6.041193,10.3823,5.773264,10.48396,6.108175
-5.024478,10.48802,6.055275,10.40204,5.788801,10.50951,6.121893
-5.041545,10.51244,6.069374,10.42193,5.804405,10.53506,6.135616
-5.058294,10.53688,6.083488,10.44195,5.820073,10.56062,6.149342
-5.074731,10.56136,6.09762,10.46211,5.8358,10.58617,6.163074
-5.090862,10.58586,6.111767,10.4824,5.851583,10.61173,6.176814
-5.106693,10.6104,6.125931,10.50283,5.867417,10.63729,6.19056
-5.122231,10.63496,6.140112,10.52339,5.8833,10.66285,6.204315
-5.13748,10.65955,6.154309,10.54407,5.899229,10.68842,6.218079
-5.152447,10.68417,6.168522,10.56489,5.915198,10.71398,6.231853
-5.167137,10.70881,6.182752,10.58582,5.931208,10.73956,6.245638
-5.181557,10.73349,6.196998,10.60688,5.947253,10.76514,6.259434
-5.195713,10.75819,6.21126,10.62807,5.963332,10.79072,6.273242
-5.209609,10.78292,6.225539,10.64936,5.979444,10.81631,6.287063
-5.223251,10.80768,6.239834,10.67078,5.995584,10.8419,6.300897
-5.236646,10.83247,6.254146,10.69231,6.011751,10.86751,6.314744
-5.249799,10.85728,6.268474,10.71395,6.027943,10.89312,6.328606
-5.262714,10.88213,6.282818,10.7357,6.044158,10.91874,6.342483
-5.275399,10.907,6.297179,10.75756,6.060396,10.94436,6.356374
-5.287857,10.9319,6.311556,10.77952,6.076653,10.97,6.370282
-5.300095,10.95683,6.325949,10.80159,6.092929,10.99565,6.384204
-5.312117,10.98179,6.340359,10.82376,6.109222,11.0213,6.398143
-5.323928,11.00678,6.354785,10.84602,6.125531,11.04697,6.412099
-5.335535,11.03179,6.369228,10.86839,6.141855,11.07265,6.426072
-5.346941,11.05684,6.383687,10.89085,6.158193,11.09834,6.440061
-5.358152,11.08191,6.398163,10.9134,6.174543,11.12404,6.454068
-5.369174,11.10701,6.412655,10.93605,6.190906,11.14975,6.468092
-5.380009,11.13214,6.427163,10.95879,6.20728,11.17548,6.482134
-5.390665,11.1573,6.441688,10.98161,6.223664,11.20122,6.496194
-5.401144,11.18248,6.456229,11.00452,6.240058,11.22697,6.510272
-5.411453,11.2077,6.470787,11.02752,6.256462,11.25274,6.524368
-5.421595,11.23294,6.485361,11.05059,6.272874,11.27853,6.538482
-5.431575,11.25821,6.499951,11.07375,6.289295,11.30432,6.552615
-5.441399,11.28351,6.514557,11.09699,6.305724,11.33014,6.566766
-5.451069,11.30884,6.529181,11.12031,6.32216,11.35597,6.580935
-5.460591,11.33419,6.54382,11.1437,6.338604,11.38181,6.595124
-5.469969,11.35958,6.558476,11.16717,6.355056,11.40768,6.609331
-5.479207,11.38499,6.573148,11.19071,6.371514,11.43356,6.623557
-5.48831,11.41043,6.587837,11.21432,6.38798,11.45946,6.637801
-5.497282,11.4359,6.602542,11.23801,6.404452,11.48537,6.652064
-5.506126,11.4614,6.617263,11.26176,6.420931,11.51131,6.666346
-5.514848,11.48692,6.632001,11.28559,6.437418,11.53726,6.680647
-5.523451,11.51248,6.646755,11.30947,6.453911,11.56323,6.694966
-5.531939,11.53806,6.661526,11.33343,6.470412,11.58922,6.709304
-5.540316,11.56367,6.676313,11.35745,6.48692,11.61523,6.723661
-5.548585,11.58931,6.691116,11.38153,6.503435,11.64126,6.738037
-5.556752,11.61498,6.705936,11.40567,6.519958,11.66731,6.75243
-5.56482,11.64068,6.720772,11.42987,6.536489,11.69338,6.766843
-5.572792,11.6664,6.735625,11.45413,6.553028,11.71947,6.781274
-5.580672,11.69216,6.750494,11.47845,6.569575,11.74558,6.795723
-5.588464,11.71794,6.765379,11.50283,6.586132,11.77171,6.810192
-5.596171,11.74375,6.780281,11.52727,6.602696,11.79787,6.824677
-5.603798,11.76959,6.795199,11.55176,6.619271,11.82404,6.839181
-5.611348,11.79545,6.810134,11.5763,6.635855,11.85024,6.853703
-5.618824,11.82135,6.825085,11.6009,6.652449,11.87646,6.868244
-5.626231,11.84727,6.840052,11.62555,6.669054,11.9027,6.882802
-5.63357,11.87323,6.855036,11.65026,6.685669,11.92897,6.897377
-5.640847,11.89921,6.870036,11.67501,6.702297,11.95526,6.911971
-5.648064,11.92522,6.885053,11.69982,6.718935,11.98157,6.926582
-5.655224,11.95125,6.900085,11.72467,6.735587,12.0079,6.94121
-5.662333,11.97732,6.915135,11.74957,6.752251,12.03426,6.955856
-5.669391,12.00341,6.930201,11.77452,6.768928,12.06064,6.970519
-5.676404,12.02954,6.945282,11.79952,6.785619,12.08704,6.985198
-5.683373,12.05569,6.960381,11.82456,6.802324,12.11347,6.999895
-5.690304,12.08187,6.975496,11.84965,6.819045,12.13992,7.014608
-5.697198,12.10807,6.990627,11.87479,6.835781,12.1664,7.029339
-5.70406,12.13431,7.005775,11.89997,6.852533,12.1929,7.044086
-5.710892,12.16057,7.020939,11.92519,6.869302,12.21942,7.058848
-5.717697,12.18687,7.036119,11.95046,6.886087,12.24597,7.073627
-5.72448,12.21319,7.051316,11.97577,6.902891,12.27254,7.088422
-5.731242,12.23954,7.066529,12.00112,6.919713,12.29914,7.103233
-5.737988,12.26592,7.081759,12.02651,6.936555,12.32577,7.11806
-5.74472,12.29232,7.097005,12.05194,6.953416,12.35242,7.132902
-5.751443,12.31876,7.112267,12.07742,6.970297,12.37909,7.14776
-5.758158,12.34522,7.127546,12.10293,6.9872,12.40579,7.162633
-5.76487,12.37171,7.142841,12.12849,7.004124,12.43252,7.177521
-5.77158,12.39823,7.158153,12.15408,7.021071,12.45927,7.192423
-5.778294,12.42478,7.173481,12.17972,7.038042,12.48605,7.207341
-5.785013,12.45136,7.188826,12.20539,7.055036,12.51285,7.222273
-5.79174,12.47796,7.204186,12.2311,7.072054,12.53968,7.237219
-5.798481,12.5046,7.219563,12.25685,7.089098,12.56653,7.25218
-5.805236,12.53126,7.234957,12.28264,7.106169,12.59342,7.267154
-5.812009,12.55795,7.250367,12.30846,7.123266,12.62032,7.282143
-5.818805,12.58467,7.265793,12.33432,7.14039,12.64726,7.297144
-5.825625,12.61142,7.281236,12.36022,7.157543,12.67422,7.31216
-5.832473,12.63819,7.296695,12.38615,7.174726,12.7012,7.327188
-5.839353,12.665,7.312171,12.41212,7.191938,12.72821,7.342229
-5.846267,12.69183,7.327663,12.43813,7.209181,12.75525,7.357284
-5.853219,12.71869,7.343171,12.46418,7.226456,12.78232,7.37235
-5.860211,12.74558,7.358696,12.49025,7.243763,12.80941,7.387429
-5.867249,12.7725,7.374237,12.51637,7.261104,12.83653,7.40252
-5.874333,12.79944,7.389794,12.54252,7.278479,12.86367,7.417624
-5.881469,12.82642,7.405368,12.56871,7.295889,12.89084,7.432738
-5.888659,12.85342,7.420959,12.59493,7.313335,12.91804,7.447865
-5.895907,12.88045,7.436565,12.62119,7.330818,12.94527,7.463002
-5.903215,12.90751,7.452188,12.64748,7.348339,12.97252,7.478151
-5.910589,12.9346,7.467828,12.67381,7.365898,12.99979,7.49331
-5.91803,12.96171,7.483484,12.70018,7.383497,13.0271,7.508481
-5.925542,12.98886,7.499156,12.72658,7.401137,13.05443,7.523661
-5.933129,13.01603,7.514845,12.75301,7.418819,13.08179,7.538851
-5.940795,13.04323,7.53055,12.77949,7.436543,13.10917,7.554052
-5.948542,13.07046,7.546271,12.806,7.45431,13.13658,7.569262
-5.956375,13.09772,7.562009,12.83254,7.472123,13.16402,7.584481
-5.964297,13.12501,7.577764,12.85913,7.489981,13.19148,7.59971
-5.972312,13.15232,7.593534,12.88575,7.507885,13.21897,7.614946
-5.980423,13.17967,7.609321,12.9124,7.525837,13.24648,7.630192
-5.988634,13.20704,7.625124,12.9391,7.543838,13.27402,7.645446
-5.996949,13.23444,7.640944,12.96583,7.561888,13.30159,7.660708
-6.005372,13.26187,7.656781,12.9926,7.57999,13.32918,7.675979
-6.013906,13.28933,7.672633,13.01942,7.598143,13.3568,7.691256
-6.022556,13.31681,7.688502,13.04627,7.616349,13.38445,7.706541
-6.031325,13.34433,7.704388,13.07316,7.63461,13.41212,7.721832
-6.040217,13.37187,7.720289,13.10009,7.652925,13.43981,7.73713
-6.049237,13.39944,7.736207,13.12707,7.671298,13.46753,7.752435
-6.058388,13.42704,7.752142,13.15408,7.689727,13.49528,7.767745
-6.067674,13.45466,7.768093,13.18114,7.708216,13.52304,7.783062
-6.0771,13.48232,7.78406,13.20824,7.726764,13.55084,7.798385
-6.086669,13.51,7.800044,13.23539,7.745373,13.57866,7.813712
-6.096387,13.53772,7.816044,13.26259,7.764045,13.6065,7.829044
-6.106257,13.56546,7.832061,13.28983,7.782779,13.63437,7.844381
-6.116284,13.59323,7.848094,13.31712,7.801578,13.66225,7.859723
-6.126472,13.62103,7.864143,13.34446,7.820443,13.69017,7.875068
-6.136826,13.64885,7.880208,13.37185,7.839374,13.7181,7.890417
-6.14735,13.67671,7.896291,13.39929,7.858374,13.74606,7.90577
-6.158048,13.70459,7.912389,13.42678,7.877442,13.77404,7.921126
-6.168926,13.7325,7.928504,13.45433,7.896581,13.80204,7.936485
-6.179987,13.76044,7.944635,13.48193,7.915791,13.83007,7.951847
-6.191238,13.78841,7.960783,13.50959,7.935074,13.85811,7.96721
-6.202682,13.81641,7.976947,13.53731,7.954431,13.88618,7.982576
-6.214324,13.84443,7.993128,13.56509,7.973862,13.91426,7.997944
-6.22617,13.87248,8.009325,13.59294,7.99337,13.94237,8.013314
-6.238224,13.90057,8.025538,13.62085,8.012954,13.97049,8.028685
-6.250491,13.92868,8.041768,13.64883,8.032616,13.99864,8.044056
-6.262977,13.95681,8.058014,13.67687,8.052356,14.0268,8.059428
-6.275686,13.98498,8.074276,13.70499,8.072176,14.05498,8.0748
-6.288624,14.01318,8.090555,13.73318,8.092078,14.08317,8.090175
-6.301796,14.0414,8.106851,13.76145,8.112062,14.11139,8.105548
-6.315207,14.06965,8.123162,13.78979,8.132127,14.13962,8.120921
-6.328863,14.09793,8.13949,13.81822,8.152275,14.16786,8.136293
-6.342769,14.12624,8.155834,13.84674,8.172508,14.19612,8.151666
-6.356931,14.15458,8.172195,13.87534,8.192825,14.22439,8.167038
-6.371354,14.18294,8.188573,13.90403,8.213228,14.25267,8.182409
